"Consist","","","","","","","","","","","","","","","","","","","","","","","","","","","","","","",""
"Service","","","","","","","","","","","","","","","","","","","","","","","","","","","","","","",""
"Direction","","","","","","","","40","","","","","","","","","","","","","","","","","","","","","","",""
"Segment","","","","Segment_type","","","","","","","","","","","","","","","","","","","","","","","","","","",""
"South Station","TRUE","275.00 m","13.41 m/s","Stop","1","13.41 m/s","467000 kg","240000 N","2300000 W","35.32 m/s","0.51 m/s2","0.30 m/s2","9.58 m/s","30.00 s","0.00 m/s","0.00 m/s","0.00 m/s","0.00 m","0.00 s","0.00 m","0.00 m/s","0.00 m","0.00 m","0.00 m","0.00 s","0.00 m","0.00 s","0.00 s","0.00 s","0.00 s","0.00 m"
"r1","FALSE","1040.00 m","8.94 m/s","RoW ","2","8.94 m/s","467000 kg","240000 N","2300000 W","35.32 m/s","0.51 m/s2","0.30 m/s2","9.58 m/s","0.00 s","8.94 m/s","8.94 m/s","0.00 m/s","0.00 m","0.00 s","1040.00 m","8.94 m/s","77.77 m","0.00 m","77.77 m","17.40 s","962.23 m","107.62 s","125.02 s","0.00 s","125.02 s","1040.00 m"
"r2","FALSE","694.00 m","13.41 m/s","RoW ","3","13.41 m/s","467000 kg","240000 N","2300000 W","35.32 m/s","0.51 m/s2","0.30 m/s2","9.58 m/s","0.00 s","13.41 m/s","13.41 m/s","8.94 m/s","0.00 m","0.00 s","694.00 m","13.41 m/s","11.58 m","103.69 m","115.27 m","27.58 s","578.73 m","43.15 s","70.74 s","0.00 s","195.76 s","1734.00 m"
"Back Bay - NEC","TRUE","300.00 m","26.82 m/s","Stop","4","26.82 m/s","467000 kg","240000 N","2300000 W","35.32 m/s","0.51 m/s2","0.30 m/s2","9.58 m/s","90.00 s","13.42 m/s","0.00 m/s","13.41 m/s","299.77 m","44.72 s","0.23 m","13.42 m/s","0.00 m","0.23 m","0.23 m","27.60 s","0.00 m","0.00 s","162.32 s","0.00 s","358.08 s","2034.00 m"
"r3","FALSE","660.00 m","13.41 m/s","RoW ","5","13.41 m/s","467000 kg","240000 N","2300000 W","35.32 m/s","0.51 m/s2","0.30 m/s2","9.58 m/s","0.00 s","13.41 m/s","13.41 m/s","0.00 m/s","0.00 m","0.00 s","660.00 m","13.41 m/s","89.35 m","103.69 m","193.04 m","27.58 s","466.96 m","34.82 s","62.40 s","0.00 s","420.48 s","2694.00 m"
"r4","FALSE","817.00 m","26.82 m/s","RoW ","6","26.82 m/s","467000 kg","240000 N","2300000 W","35.32 m/s","0.51 m/s2","0.30 m/s2","9.58 m/s","0.00 s","26.12 m/s","13.86 m/s","13.41 m/s","0.00 m","0.00 s","817.00 m","24.38 m/s","0.00 m","817.00 m","817.00 m","69.65 s","0.00 m","0.00 s","69.65 s","0.00 s","490.13 s","3511.00 m"
"Ruggles","TRUE","320.00 m","53.64 m/s","Stop","7","35.32 m/s","467000 kg","240000 N","2300000 W","35.32 m/s","0.51 m/s2","0.30 m/s2","9.58 m/s","30.00 s","13.86 m/s","0.00 m/s","13.86 m/s","320.00 m","46.19 s","0.00 m","13.86 m/s","0.00 m","0.00 m","0.00 m","0.00 s","0.00 m","0.00 s","76.19 s","0.00 s","566.31 s","3831.00 m"
"r5","FALSE","4070.00 m","44.70 m/s","RoW ","8","35.32 m/s","467000 kg","240000 N","2300000 W","35.32 m/s","0.51 m/s2","0.30 m/s2","9.58 m/s","0.00 s","35.32 m/s","35.32 m/s","0.00 m/s","0.00 m","0.00 s","4070.00 m","35.32 m/s","89.35 m","2922.58 m","3011.94 m","135.97 s","1058.06 m","29.96 s","165.93 s","0.00 s","732.24 s","7901.00 m"
"Forest Hills","FALSE","320.00 m","53.64 m/s","Stop","9","35.32 m/s","467000 kg","240000 N","2300000 W","35.32 m/s","0.51 m/s2","0.30 m/s2","9.58 m/s","0.00 s","35.32 m/s","35.32 m/s","35.32 m/s","0.00 m","0.00 s","320.00 m","35.32 m/s","0.00 m","0.00 m","0.00 m","0.00 s","320.00 m","9.06 s","9.06 s","0.00 s","741.30 s","8221.00 m"
"r6","FALSE","5182.00 m","35.76 m/s","RoW ","10","35.32 m/s","467000 kg","240000 N","2300000 W","35.32 m/s","0.51 m/s2","0.30 m/s2","9.58 m/s","0.00 s","35.32 m/s","12.12 m/s","35.32 m/s","1834.17 m","77.32 s","3347.83 m","35.32 m/s","0.00 m","0.00 m","0.00 m","0.00 s","3347.83 m","94.79 s","172.10 s","0.00 s","913.41 s","13403.00 m"
"Hyde Park","TRUE","245.00 m","53.64 m/s","Stop","11","35.32 m/s","467000 kg","240000 N","2300000 W","35.32 m/s","0.51 m/s2","0.30 m/s2","9.58 m/s","90.00 s","12.12 m/s","0.00 m/s","12.12 m/s","245.00 m","40.41 s","0.00 m","12.12 m/s","0.00 m","0.00 m","0.00 m","0.00 s","0.00 m","0.00 s","130.41 s","0.00 s","1043.82 s","13648.00 m"
"r7","FALSE","1600.00 m","26.82 m/s","RoW ","12","26.82 m/s","467000 kg","240000 N","2300000 W","35.32 m/s","0.51 m/s2","0.30 m/s2","9.58 m/s","0.00 s","26.82 m/s","12.25 m/s","0.00 m/s","0.00 m","0.00 s","1600.00 m","26.82 m/s","89.35 m","1246.48 m","1335.84 m","82.36 s","264.16 m","9.85 s","92.21 s","0.00 s","1136.03 s","15248.00 m"
"Readville - NEC","TRUE","250.00 m","53.64 m/s","Stop","13","35.32 m/s","467000 kg","240000 N","2300000 W","35.32 m/s","0.51 m/s2","0.30 m/s2","9.58 m/s","90.00 s","12.25 m/s","0.00 m/s","12.25 m/s","250.00 m","40.82 s","0.00 m","12.25 m/s","0.00 m","0.00 m","0.00 m","0.00 s","0.00 m","0.00 s","130.82 s","0.00 s","1266.86 s","15498.00 m"
"r8","FALSE","1280.00 m","53.64 m/s","RoW ","14","35.32 m/s","467000 kg","240000 N","2300000 W","35.32 m/s","0.51 m/s2","0.30 m/s2","9.58 m/s","0.00 s","35.32 m/s","35.32 m/s","0.00 m/s","0.00 m","0.00 s","1280.00 m","26.01 m/s","89.35 m","1131.08 m","1220.43 m","77.99 s","59.57 m","2.29 s","80.28 s","0.00 s","1347.14 s","16778.00 m"
"r9","FALSE","1880.00 m","58.12 m/s","RoW ","15","35.32 m/s","467000 kg","240000 N","2300000 W","35.32 m/s","0.51 m/s2","0.30 m/s2","9.58 m/s","0.00 s","35.32 m/s","13.86 m/s","35.32 m/s","1759.17 m","71.55 s","120.83 m","35.32 m/s","0.00 m","0.00 m","0.00 m","0.00 s","120.83 m","3.42 s","74.97 s","0.00 s","1422.11 s","18658.00 m"
"Route 128","TRUE","320.00 m","58.12 m/s","Stop","16","35.32 m/s","467000 kg","240000 N","2300000 W","35.32 m/s","0.51 m/s2","0.30 m/s2","9.58 m/s","30.00 s","13.86 m/s","0.00 m/s","13.86 m/s","320.00 m","46.19 s","0.00 m","13.86 m/s","0.00 m","0.00 m","0.00 m","0.00 s","0.00 m","0.00 s","76.19 s","0.00 s","1498.30 s","18978.00 m"
"r10","FALSE","5010.00 m","58.12 m/s","RoW ","17","35.32 m/s","467000 kg","240000 N","2300000 W","35.32 m/s","0.51 m/s2","0.30 m/s2","9.58 m/s","0.00 s","35.32 m/s","12.44 m/s","0.00 m/s","0.00 m","0.00 s","5010.00 m","35.32 m/s","89.35 m","2922.58 m","3011.94 m","135.97 s","1998.06 m","56.57 s","192.54 s","0.00 s","1690.84 s","23988.00 m"
"Canton Junction - NEC","TRUE","258.00 m","58.12 m/s","Stop","18","35.32 m/s","467000 kg","240000 N","2300000 W","35.32 m/s","0.51 m/s2","0.30 m/s2","9.58 m/s","90.00 s","12.44 m/s","0.00 m/s","12.44 m/s","258.00 m","41.47 s","0.00 m","12.44 m/s","0.00 m","0.00 m","0.00 m","0.00 s","0.00 m","0.00 s","131.47 s","0.00 s","1822.31 s","24246.00 m"
"r15","FALSE","1470.00 m","55.88 m/s","RoW ","19","35.32 m/s","467000 kg","240000 N","2300000 W","35.32 m/s","0.51 m/s2","0.30 m/s2","9.58 m/s","0.00 s","35.32 m/s","35.32 m/s","0.00 m/s","0.00 m","0.00 s","1470.00 m","27.32 m/s","89.35 m","1321.08 m","1410.43 m","85.12 s","59.57 m","2.18 s","87.30 s","0.00 s","1909.61 s","25716.00 m"
"r16","FALSE","3360.00 m","58.12 m/s","RoW ","20","35.32 m/s","467000 kg","240000 N","2300000 W","35.32 m/s","0.51 m/s2","0.30 m/s2","9.58 m/s","0.00 s","35.32 m/s","11.82 m/s","35.32 m/s","1846.17 m","78.32 s","1513.83 m","35.32 m/s","0.00 m","0.00 m","0.00 m","0.00 s","1513.83 m","42.86 s","121.18 s","0.00 s","2030.79 s","29076.00 m"
"Sharon","TRUE","233.00 m","58.12 m/s","Stop","21","35.32 m/s","467000 kg","240000 N","2300000 W","35.32 m/s","0.51 m/s2","0.30 m/s2","9.58 m/s","90.00 s","11.82 m/s","0.00 m/s","11.82 m/s","233.00 m","39.41 s","0.00 m","11.82 m/s","0.00 m","0.00 m","0.00 m","0.00 s","0.00 m","0.00 s","129.41 s","0.00 s","2160.20 s","29309.00 m"
"r17","FALSE","9020.00 m","58.12 m/s","RoW ","22","35.32 m/s","467000 kg","240000 N","2300000 W","35.32 m/s","0.51 m/s2","0.30 m/s2","9.58 m/s","0.00 s","35.32 m/s","32.45 m/s","0.00 m/s","0.00 m","0.00 s","9020.00 m","35.32 m/s","89.35 m","2922.58 m","3011.94 m","135.97 s","6008.06 m","170.10 s","306.08 s","0.00 s","2466.28 s","38329.00 m"
"r18","FALSE","1520.00 m","71.53 m/s","RoW ","23","35.32 m/s","467000 kg","240000 N","2300000 W","35.32 m/s","0.51 m/s2","0.30 m/s2","9.58 m/s","0.00 s","32.45 m/s","11.87 m/s","32.45 m/s","1520.00 m","68.59 s","0.00 m","32.45 m/s","0.00 m","0.00 m","0.00 m","0.00 s","0.00 m","0.00 s","68.59 s","0.00 s","2534.87 s","39849.00 m"
"Mansfield","TRUE","235.00 m","71.53 m/s","Stop","24","35.32 m/s","467000 kg","240000 N","2300000 W","35.32 m/s","0.51 m/s2","0.30 m/s2","9.58 m/s","90.00 s","11.87 m/s","0.00 m/s","11.87 m/s","235.00 m","39.58 s","0.00 m","11.87 m/s","0.00 m","0.00 m","0.00 m","0.00 s","0.00 m","0.00 s","129.58 s","0.00 s","2664.45 s","40084.00 m"
"r19","FALSE","9430.00 m","71.53 m/s","RoW ","25","35.32 m/s","467000 kg","240000 N","2300000 W","35.32 m/s","0.51 m/s2","0.30 m/s2","9.58 m/s","0.00 s","35.32 m/s","35.32 m/s","0.00 m/s","0.00 m","0.00 s","9430.00 m","35.32 m/s","89.35 m","2922.58 m","3011.94 m","135.97 s","6418.06 m","181.71 s","317.68 s","0.00 s","2982.13 s","49514.00 m"
"r20","FALSE","1860.00 m","35.76 m/s","RoW ","26","35.32 m/s","467000 kg","240000 N","2300000 W","35.32 m/s","0.51 m/s2","0.30 m/s2","9.58 m/s","0.00 s","35.32 m/s","11.49 m/s","35.32 m/s","1859.17 m","79.44 s","0.83 m","35.32 m/s","0.00 m","0.00 m","0.00 m","0.00 s","0.83 m","0.02 s","79.46 s","0.00 s","3061.59 s","51374.00 m"
"Attleboro","TRUE","220.00 m","71.53 m/s","Stop","27","35.32 m/s","467000 kg","240000 N","2300000 W","35.32 m/s","0.51 m/s2","0.30 m/s2","9.58 m/s","90.00 s","11.49 m/s","0.00 m/s","11.49 m/s","220.00 m","38.30 s","0.00 m","11.49 m/s","0.00 m","0.00 m","0.00 m","0.00 s","0.00 m","0.00 s","128.30 s","0.00 s","3189.89 s","51594.00 m"
"r21","FALSE","3850.00 m","35.76 m/s","RoW ","28","35.32 m/s","467000 kg","240000 N","2300000 W","35.32 m/s","0.51 m/s2","0.30 m/s2","9.58 m/s","0.00 s","35.32 m/s","35.32 m/s","0.00 m/s","0.00 m","0.00 s","3850.00 m","35.32 m/s","89.35 m","2922.58 m","3011.94 m","135.97 s","838.06 m","23.73 s","159.70 s","0.00 s","3349.59 s","55444.00 m"
"r22","FALSE","1340.00 m","49.17 m/s","RoW ","29","35.32 m/s","467000 kg","240000 N","2300000 W","35.32 m/s","0.51 m/s2","0.30 m/s2","9.58 m/s","0.00 s","35.32 m/s","35.32 m/s","35.32 m/s","0.00 m","0.00 s","1340.00 m","35.32 m/s","0.00 m","0.00 m","0.00 m","0.00 s","1340.00 m","37.94 s","37.94 s","0.00 s","3387.53 s","56784.00 m"
"r23","FALSE","2780.00 m","55.88 m/s","RoW ","30","35.32 m/s","467000 kg","240000 N","2300000 W","35.32 m/s","0.51 m/s2","0.30 m/s2","9.58 m/s","0.00 s","35.32 m/s","35.32 m/s","35.32 m/s","0.00 m","0.00 s","2780.00 m","35.32 m/s","0.00 m","0.00 m","0.00 m","0.00 s","2780.00 m","78.71 s","78.71 s","0.00 s","3466.24 s","59564.00 m"
"South Attleboro","FALSE","256.00 m","67.06 m/s","Stop","31","35.32 m/s","467000 kg","240000 N","2300000 W","35.32 m/s","0.51 m/s2","0.30 m/s2","9.58 m/s","0.00 s","35.32 m/s","35.32 m/s","35.32 m/s","0.00 m","0.00 s","256.00 m","35.32 m/s","0.00 m","0.00 m","0.00 m","0.00 s","256.00 m","7.25 s","7.25 s","0.00 s","3473.48 s","59820.00 m"
"r24","FALSE","1920.00 m","55.88 m/s","RoW ","32","35.32 m/s","467000 kg","240000 N","2300000 W","35.32 m/s","0.51 m/s2","0.30 m/s2","9.58 m/s","0.00 s","35.32 m/s","26.82 m/s","35.32 m/s","880.10 m","28.33 s","1039.90 m","35.32 m/s","0.00 m","0.00 m","0.00 m","0.00 s","1039.90 m","29.44 s","57.77 s","0.00 s","3531.25 s","61740.00 m"
"r25","FALSE","857.00 m","26.82 m/s","RoW ","33","26.82 m/s","467000 kg","240000 N","2300000 W","35.32 m/s","0.51 m/s2","0.30 m/s2","9.58 m/s","0.00 s","26.82 m/s","26.82 m/s","26.82 m/s","0.00 m","0.00 s","857.00 m","26.82 m/s","0.00 m","0.00 m","0.00 m","0.00 s","857.00 m","31.95 s","31.95 s","0.00 s","3563.20 s","62597.00 m"
"r26","FALSE","1150.00 m","26.82 m/s","RoW ","34","26.82 m/s","467000 kg","240000 N","2300000 W","35.32 m/s","0.51 m/s2","0.30 m/s2","9.58 m/s","0.00 s","26.82 m/s","12.10 m/s","26.82 m/s","955.07 m","49.08 s","194.93 m","26.82 m/s","0.00 m","0.00 m","0.00 m","0.00 s","194.93 m","7.27 s","56.34 s","0.00 s","3619.55 s","63747.00 m"
"Pawtucket/Central Falls","TRUE","244.00 m","49.17 m/s","Stop","35","35.32 m/s","467000 kg","240000 N","2300000 W","35.32 m/s","0.51 m/s2","0.30 m/s2","9.58 m/s","30.00 s","12.10 m/s","0.00 m/s","12.10 m/s","244.00 m","40.33 s","0.00 m","12.10 m/s","0.00 m","0.00 m","0.00 m","0.00 s","0.00 m","0.00 s","70.33 s","0.00 s","3689.88 s","63991.00 m"
"r27","FALSE","654.00 m","26.82 m/s","RoW ","36","26.82 m/s","467000 kg","240000 N","2300000 W","35.32 m/s","0.51 m/s2","0.30 m/s2","9.58 m/s","0.00 s","26.82 m/s","26.82 m/s","0.00 m/s","0.00 m","0.00 s","654.00 m","20.28 m/s","89.35 m","505.08 m","594.43 m","51.08 s","59.57 m","2.94 s","54.02 s","0.00 s","3743.90 s","64645.00 m"
"r28","FALSE","3590.00 m","31.29 m/s","RoW ","37","31.29 m/s","467000 kg","240000 N","2300000 W","35.32 m/s","0.51 m/s2","0.30 m/s2","9.58 m/s","0.00 s","31.29 m/s","24.06 m/s","26.82 m/s","234.30 m","24.11 s","3355.70 m","31.29 m/s","0.00 m","767.91 m","767.91 m","108.74 s","2587.79 m","82.70 s","215.54 s","0.00 s","3959.44 s","68235.00 m"
"r29","FALSE","665.00 m","26.82 m/s","RoW ","38","26.82 m/s","467000 kg","240000 N","2300000 W","35.32 m/s","0.51 m/s2","0.30 m/s2","9.58 m/s","0.00 s","24.06 m/s","13.41 m/s","24.06 m/s","665.00 m","35.49 s","0.00 m","24.06 m/s","0.00 m","0.00 m","0.00 m","0.00 s","0.00 m","0.00 s","35.49 s","0.00 s","3994.94 s","68900.00 m"
"r30","FALSE","1040.00 m","13.41 m/s","RoW ","39","13.41 m/s","467000 kg","240000 N","2300000 W","35.32 m/s","0.51 m/s2","0.30 m/s2","9.58 m/s","0.00 s","13.41 m/s","13.41 m/s","13.41 m/s","0.00 m","0.00 s","1040.00 m","13.41 m/s","0.00 m","0.00 m","0.00 m","0.00 s","1040.00 m","77.55 s","77.55 s","0.00 s","4072.48 s","69940.00 m"
"Providence","TRUE","320.00 m","26.82 m/s","Stop","40","26.82 m/s","467000 kg","240000 N","2300000 W","35.32 m/s","0.51 m/s2","0.30 m/s2","9.58 m/s","30.00 s","13.86 m/s","0.00 m/s","13.41 m/s","299.77 m","46.19 s","20.23 m","13.94 m/s","0.00 m","20.23 m","20.23 m","29.06 s","0.00 m","0.00 s","105.25 s","300.00 s","4477.74 s","70260.00 m"
"","","","","","","35.32 m/s","467000 kg","240000 N","2300000 W","35.32 m/s","0.51 m/s2","0.30 m/s2","9.58 m/s","0.00 s","0.00 m/s","0.00 m/s","0.00 m/s","0.00 m","0.00 s","0.00 m","0.00 m/s","0.00 m","0.00 m","0.00 m","0.00 s","0.00 m","0.00 s","0.00 s","0.00 s","4477.74 s","70260.00 m"
"","","","","","","35.32 m/s","467000 kg","240000 N","2300000 W","35.32 m/s","0.51 m/s2","0.30 m/s2","9.58 m/s","0.00 s","0.00 m/s","0.00 m/s","0.00 m/s","0.00 m","0.00 s","0.00 m","0.00 m/s","0.00 m","0.00 m","0.00 m","0.00 s","0.00 m","0.00 s","0.00 s","0.00 s","4477.74 s","70260.00 m"
"","","","","","","35.32 m/s","467000 kg","240000 N","2300000 W","35.32 m/s","0.51 m/s2","0.30 m/s2","9.58 m/s","0.00 s","0.00 m/s","0.00 m/s","0.00 m/s","0.00 m","0.00 s","0.00 m","0.00 m/s","0.00 m","0.00 m","0.00 m","0.00 s","0.00 m","0.00 s","0.00 s","0.00 s","4477.74 s","70260.00 m"
"","","","","","","35.32 m/s","467000 kg","240000 N","2300000 W","35.32 m/s","0.51 m/s2","0.30 m/s2","9.58 m/s","0.00 s","0.00 m/s","0.00 m/s","0.00 m/s","0.00 m","0.00 s","0.00 m","0.00 m/s","0.00 m","0.00 m","0.00 m","0.00 s","0.00 m","0.00 s","0.00 s","0.00 s","4477.74 s","70260.00 m"
"","","","","","","35.32 m/s","467000 kg","240000 N","2300000 W","35.32 m/s","0.51 m/s2","0.30 m/s2","9.58 m/s","0.00 s","0.00 m/s","0.00 m/s","0.00 m/s","0.00 m","0.00 s","0.00 m","0.00 m/s","0.00 m","0.00 m","0.00 m","0.00 s","0.00 m","0.00 s","0.00 s","0.00 s","4477.74 s","70260.00 m"
"","","","","","","35.32 m/s","467000 kg","240000 N","2300000 W","35.32 m/s","0.51 m/s2","0.30 m/s2","9.58 m/s","0.00 s","0.00 m/s","0.00 m/s","0.00 m/s","0.00 m","0.00 s","0.00 m","0.00 m/s","0.00 m","0.00 m","0.00 m","0.00 s","0.00 m","0.00 s","0.00 s","0.00 s","4477.74 s","70260.00 m"
"","","","","","","35.32 m/s","467000 kg","240000 N","2300000 W","35.32 m/s","0.51 m/s2","0.30 m/s2","9.58 m/s","0.00 s","0.00 m/s","0.00 m/s","0.00 m/s","0.00 m","0.00 s","0.00 m","0.00 m/s","0.00 m","0.00 m","0.00 m","0.00 s","0.00 m","0.00 s","0.00 s","0.00 s","4477.74 s","70260.00 m"
"","","","","","","35.32 m/s","467000 kg","240000 N","2300000 W","35.32 m/s","0.51 m/s2","0.30 m/s2","9.58 m/s","0.00 s","0.00 m/s","0.00 m/s","0.00 m/s","0.00 m","0.00 s","0.00 m","0.00 m/s","0.00 m","0.00 m","0.00 m","0.00 s","0.00 m","0.00 s","0.00 s","0.00 s","4477.74 s","70260.00 m"
"","","","","","","35.32 m/s","467000 kg","240000 N","2300000 W","35.32 m/s","0.51 m/s2","0.30 m/s2","9.58 m/s","0.00 s","0.00 m/s","0.00 m/s","0.00 m/s","0.00 m","0.00 s","0.00 m","0.00 m/s","0.00 m","0.00 m","0.00 m","0.00 s","0.00 m","0.00 s","0.00 s","0.00 s","4477.74 s","70260.00 m"
"","","","","","","35.32 m/s","467000 kg","240000 N","2300000 W","35.32 m/s","0.51 m/s2","0.30 m/s2","9.58 m/s","0.00 s","0.00 m/s","0.00 m/s","0.00 m/s","0.00 m","0.00 s","0.00 m","0.00 m/s","0.00 m","0.00 m","0.00 m","0.00 s","0.00 m","0.00 s","0.00 s","0.00 s","4477.74 s","70260.00 m"
"","","","","","","35.32 m/s","467000 kg","240000 N","2300000 W","35.32 m/s","0.51 m/s2","0.30 m/s2","9.58 m/s","0.00 s","0.00 m/s","0.00 m/s","0.00 m/s","0.00 m","0.00 s","0.00 m","0.00 m/s","0.00 m","0.00 m","0.00 m","0.00 s","0.00 m","0.00 s","0.00 s","0.00 s","4477.74 s","70260.00 m"
"","","","","","","35.32 m/s","467000 kg","240000 N","2300000 W","35.32 m/s","0.51 m/s2","0.30 m/s2","9.58 m/s","0.00 s","0.00 m/s","0.00 m/s","0.00 m/s","0.00 m","0.00 s","0.00 m","0.00 m/s","0.00 m","0.00 m","0.00 m","0.00 s","0.00 m","0.00 s","0.00 s","0.00 s","4477.74 s","70260.00 m"
"","","","","","","35.32 m/s","467000 kg","240000 N","2300000 W","35.32 m/s","0.51 m/s2","0.30 m/s2","9.58 m/s","0.00 s","0.00 m/s","0.00 m/s","0.00 m/s","0.00 m","0.00 s","0.00 m","0.00 m/s","0.00 m","0.00 m","0.00 m","0.00 s","0.00 m","0.00 s","0.00 s","0.00 s","4477.74 s","70260.00 m"
"","","","","","","35.32 m/s","467000 kg","240000 N","2300000 W","35.32 m/s","0.51 m/s2","0.30 m/s2","9.58 m/s","0.00 s","0.00 m/s","0.00 m/s","0.00 m/s","0.00 m","0.00 s","0.00 m","0.00 m/s","0.00 m","0.00 m","0.00 m","0.00 s","0.00 m","0.00 s","0.00 s","0.00 s","4477.74 s","70260.00 m"
"","","","","","","35.32 m/s","467000 kg","240000 N","2300000 W","35.32 m/s","0.51 m/s2","0.30 m/s2","9.58 m/s","0.00 s","0.00 m/s","0.00 m/s","0.00 m/s","0.00 m","0.00 s","0.00 m","0.00 m/s","0.00 m","0.00 m","0.00 m","0.00 s","0.00 m","0.00 s","0.00 s","0.00 s","4477.74 s","70260.00 m"
"","","","","","","35.32 m/s","467000 kg","240000 N","2300000 W","35.32 m/s","0.51 m/s2","0.30 m/s2","9.58 m/s","0.00 s","0.00 m/s","0.00 m/s","0.00 m/s","0.00 m","0.00 s","0.00 m","0.00 m/s","0.00 m","0.00 m","0.00 m","0.00 s","0.00 m","0.00 s","0.00 s","0.00 s","4477.74 s","70260.00 m"
"","","","","","","35.32 m/s","467000 kg","240000 N","2300000 W","35.32 m/s","0.51 m/s2","0.30 m/s2","9.58 m/s","0.00 s","0.00 m/s","0.00 m/s","0.00 m/s","0.00 m","0.00 s","0.00 m","0.00 m/s","0.00 m","0.00 m","0.00 m","0.00 s","0.00 m","0.00 s","0.00 s","0.00 s","4477.74 s","70260.00 m"
"","","","","","","35.32 m/s","467000 kg","240000 N","2300000 W","35.32 m/s","0.51 m/s2","0.30 m/s2","9.58 m/s","0.00 s","0.00 m/s","0.00 m/s","0.00 m/s","0.00 m","0.00 s","0.00 m","0.00 m/s","0.00 m","0.00 m","0.00 m","0.00 s","0.00 m","0.00 s","0.00 s","0.00 s","4477.74 s","70260.00 m"
"","","","","","","35.32 m/s","467000 kg","240000 N","2300000 W","35.32 m/s","0.51 m/s2","0.30 m/s2","9.58 m/s","0.00 s","0.00 m/s","0.00 m/s","0.00 m/s","0.00 m","0.00 s","0.00 m","0.00 m/s","0.00 m","0.00 m","0.00 m","0.00 s","0.00 m","0.00 s","0.00 s","0.00 s","4477.74 s","70260.00 m"
"","","","","","","35.32 m/s","467000 kg","240000 N","2300000 W","35.32 m/s","0.51 m/s2","0.30 m/s2","9.58 m/s","0.00 s","0.00 m/s","0.00 m/s","0.00 m/s","0.00 m","0.00 s","0.00 m","0.00 m/s","0.00 m","0.00 m","0.00 m","0.00 s","0.00 m","0.00 s","0.00 s","0.00 s","4477.74 s","70260.00 m"
"","","","","","","35.32 m/s","467000 kg","240000 N","2300000 W","35.32 m/s","0.51 m/s2","0.30 m/s2","9.58 m/s","0.00 s","0.00 m/s","0.00 m/s","0.00 m/s","0.00 m","0.00 s","0.00 m","0.00 m/s","0.00 m","0.00 m","0.00 m","0.00 s","0.00 m","0.00 s","0.00 s","0.00 s","4477.74 s","70260.00 m"
"","","","","","","35.32 m/s","467000 kg","240000 N","2300000 W","35.32 m/s","0.51 m/s2","0.30 m/s2","9.58 m/s","0.00 s","0.00 m/s","0.00 m/s","0.00 m/s","0.00 m","0.00 s","0.00 m","0.00 m/s","0.00 m","0.00 m","0.00 m","0.00 s","0.00 m","0.00 s","0.00 s","0.00 s","4477.74 s","70260.00 m"
"","","","","","","35.32 m/s","467000 kg","240000 N","2300000 W","35.32 m/s","0.51 m/s2","0.30 m/s2","9.58 m/s","0.00 s","0.00 m/s","0.00 m/s","0.00 m/s","0.00 m","0.00 s","0.00 m","0.00 m/s","0.00 m","0.00 m","0.00 m","0.00 s","0.00 m","0.00 s","0.00 s","0.00 s","4477.74 s","70260.00 m"
"","","","","","","35.32 m/s","467000 kg","240000 N","2300000 W","35.32 m/s","0.51 m/s2","0.30 m/s2","9.58 m/s","0.00 s","0.00 m/s","0.00 m/s","0.00 m/s","0.00 m","0.00 s","0.00 m","0.00 m/s","0.00 m","0.00 m","0.00 m","0.00 s","0.00 m","0.00 s","0.00 s","0.00 s","4477.74 s","70260.00 m"
"","","","","","","35.32 m/s","467000 kg","240000 N","2300000 W","35.32 m/s","0.51 m/s2","0.30 m/s2","9.58 m/s","0.00 s","0.00 m/s","0.00 m/s","0.00 m/s","0.00 m","0.00 s","0.00 m","0.00 m/s","0.00 m","0.00 m","0.00 m","0.00 s","0.00 m","0.00 s","0.00 s","0.00 s","4477.74 s","70260.00 m"
"","","","","","","35.32 m/s","467000 kg","240000 N","2300000 W","35.32 m/s","0.51 m/s2","0.30 m/s2","9.58 m/s","0.00 s","0.00 m/s","0.00 m/s","0.00 m/s","0.00 m","0.00 s","0.00 m","0.00 m/s","0.00 m","0.00 m","0.00 m","0.00 s","0.00 m","0.00 s","0.00 s","0.00 s","4477.74 s","70260.00 m"
"","","","","","","35.32 m/s","467000 kg","240000 N","2300000 W","35.32 m/s","0.51 m/s2","0.30 m/s2","9.58 m/s","0.00 s","0.00 m/s","0.00 m/s","0.00 m/s","0.00 m","0.00 s","0.00 m","0.00 m/s","0.00 m","0.00 m","0.00 m","0.00 s","0.00 m","0.00 s","0.00 s","0.00 s","4477.74 s","70260.00 m"
"","","","","","","35.32 m/s","467000 kg","240000 N","2300000 W","35.32 m/s","0.51 m/s2","0.30 m/s2","9.58 m/s","0.00 s","0.00 m/s","0.00 m/s","0.00 m/s","0.00 m","0.00 s","0.00 m","0.00 m/s","0.00 m","0.00 m","0.00 m","0.00 s","0.00 m","0.00 s","0.00 s","0.00 s","4477.74 s","70260.00 m"
"","","","","","","35.32 m/s","467000 kg","240000 N","2300000 W","35.32 m/s","0.51 m/s2","0.30 m/s2","9.58 m/s","0.00 s","0.00 m/s","0.00 m/s","0.00 m/s","0.00 m","0.00 s","0.00 m","0.00 m/s","0.00 m","0.00 m","0.00 m","0.00 s","0.00 m","0.00 s","0.00 s","0.00 s","4477.74 s","70260.00 m"
"","","","","","","35.32 m/s","467000 kg","240000 N","2300000 W","35.32 m/s","0.51 m/s2","0.30 m/s2","9.58 m/s","0.00 s","0.00 m/s","0.00 m/s","0.00 m/s","0.00 m","0.00 s","0.00 m","0.00 m/s","0.00 m","0.00 m","0.00 m","0.00 s","0.00 m","0.00 s","0.00 s","0.00 s","4477.74 s","70260.00 m"
"","","","","","","35.32 m/s","467000 kg","240000 N","2300000 W","35.32 m/s","0.51 m/s2","0.30 m/s2","9.58 m/s","0.00 s","0.00 m/s","0.00 m/s","0.00 m/s","0.00 m","0.00 s","0.00 m","0.00 m/s","0.00 m","0.00 m","0.00 m","0.00 s","0.00 m","0.00 s","0.00 s","0.00 s","4477.74 s","70260.00 m"
"","","","","","","35.32 m/s","467000 kg","240000 N","2300000 W","35.32 m/s","0.51 m/s2","0.30 m/s2","9.58 m/s","0.00 s","0.00 m/s","0.00 m/s","0.00 m/s","0.00 m","0.00 s","0.00 m","0.00 m/s","0.00 m","0.00 m","0.00 m","0.00 s","0.00 m","0.00 s","0.00 s","0.00 s","4477.74 s","70260.00 m"
"","","","","","","35.32 m/s","467000 kg","240000 N","2300000 W","35.32 m/s","0.51 m/s2","0.30 m/s2","9.58 m/s","0.00 s","0.00 m/s","0.00 m/s","0.00 m/s","0.00 m","0.00 s","0.00 m","0.00 m/s","0.00 m","0.00 m","0.00 m","0.00 s","0.00 m","0.00 s","0.00 s","0.00 s","4477.74 s","70260.00 m"
"","","","","","","35.32 m/s","467000 kg","240000 N","2300000 W","35.32 m/s","0.51 m/s2","0.30 m/s2","9.58 m/s","0.00 s","0.00 m/s","0.00 m/s","0.00 m/s","0.00 m","0.00 s","0.00 m","0.00 m/s","0.00 m","0.00 m","0.00 m","0.00 s","0.00 m","0.00 s","0.00 s","0.00 s","4477.74 s","70260.00 m"
"","","","","","","35.32 m/s","467000 kg","240000 N","2300000 W","35.32 m/s","0.51 m/s2","0.30 m/s2","9.58 m/s","0.00 s","0.00 m/s","0.00 m/s","0.00 m/s","0.00 m","0.00 s","0.00 m","0.00 m/s","0.00 m","0.00 m","0.00 m","0.00 s","0.00 m","0.00 s","0.00 s","0.00 s","4477.74 s","70260.00 m"
"","","","","","","35.32 m/s","467000 kg","240000 N","2300000 W","35.32 m/s","0.51 m/s2","0.30 m/s2","9.58 m/s","0.00 s","0.00 m/s","0.00 m/s","0.00 m/s","0.00 m","0.00 s","0.00 m","0.00 m/s","0.00 m","0.00 m","0.00 m","0.00 s","0.00 m","0.00 s","0.00 s","0.00 s","4477.74 s","70260.00 m"
"","","","","","","35.32 m/s","467000 kg","240000 N","2300000 W","35.32 m/s","0.51 m/s2","0.30 m/s2","9.58 m/s","0.00 s","0.00 m/s","0.00 m/s","0.00 m/s","0.00 m","0.00 s","0.00 m","0.00 m/s","0.00 m","0.00 m","0.00 m","0.00 s","0.00 m","0.00 s","0.00 s","0.00 s","4477.74 s","70260.00 m"
"","","","","","","35.32 m/s","467000 kg","240000 N","2300000 W","35.32 m/s","0.51 m/s2","0.30 m/s2","9.58 m/s","0.00 s","0.00 m/s","0.00 m/s","0.00 m/s","0.00 m","0.00 s","0.00 m","0.00 m/s","0.00 m","0.00 m","0.00 m","0.00 s","0.00 m","0.00 s","0.00 s","0.00 s","4477.74 s","70260.00 m"
"","","","","","","35.32 m/s","467000 kg","240000 N","2300000 W","35.32 m/s","0.51 m/s2","0.30 m/s2","9.58 m/s","0.00 s","0.00 m/s","0.00 m/s","0.00 m/s","0.00 m","0.00 s","0.00 m","0.00 m/s","0.00 m","0.00 m","0.00 m","0.00 s","0.00 m","0.00 s","0.00 s","0.00 s","4477.74 s","70260.00 m"
"","","","","","","35.32 m/s","467000 kg","240000 N","2300000 W","35.32 m/s","0.51 m/s2","0.30 m/s2","9.58 m/s","0.00 s","0.00 m/s","0.00 m/s","0.00 m/s","0.00 m","0.00 s","0.00 m","0.00 m/s","0.00 m","0.00 m","0.00 m","0.00 s","0.00 m","0.00 s","0.00 s","0.00 s","4477.74 s","70260.00 m"
"","","","","","","35.32 m/s","467000 kg","240000 N","2300000 W","35.32 m/s","0.51 m/s2","0.30 m/s2","9.58 m/s","0.00 s","0.00 m/s","0.00 m/s","0.00 m/s","0.00 m","0.00 s","0.00 m","0.00 m/s","0.00 m","0.00 m","0.00 m","0.00 s","0.00 m","0.00 s","0.00 s","0.00 s","4477.74 s","70260.00 m"
"","","","","","","35.32 m/s","467000 kg","240000 N","2300000 W","35.32 m/s","0.51 m/s2","0.30 m/s2","9.58 m/s","0.00 s","0.00 m/s","0.00 m/s","0.00 m/s","0.00 m","0.00 s","0.00 m","0.00 m/s","0.00 m","0.00 m","0.00 m","0.00 s","0.00 m","0.00 s","0.00 s","0.00 s","4477.74 s","70260.00 m"
"","","","","","","35.32 m/s","467000 kg","240000 N","2300000 W","35.32 m/s","0.51 m/s2","0.30 m/s2","9.58 m/s","0.00 s","0.00 m/s","0.00 m/s","0.00 m/s","0.00 m","0.00 s","0.00 m","0.00 m/s","0.00 m","0.00 m","0.00 m","0.00 s","0.00 m","0.00 s","0.00 s","0.00 s","4477.74 s","70260.00 m"
"","","","","","","35.32 m/s","467000 kg","240000 N","2300000 W","35.32 m/s","0.51 m/s2","0.30 m/s2","9.58 m/s","0.00 s","0.00 m/s","0.00 m/s","0.00 m/s","0.00 m","0.00 s","0.00 m","0.00 m/s","0.00 m","0.00 m","0.00 m","0.00 s","0.00 m","0.00 s","0.00 s","0.00 s","4477.74 s","70260.00 m"
"","","","","","","35.32 m/s","467000 kg","240000 N","2300000 W","35.32 m/s","0.51 m/s2","0.30 m/s2","9.58 m/s","0.00 s","0.00 m/s","0.00 m/s","0.00 m/s","0.00 m","0.00 s","0.00 m","0.00 m/s","0.00 m","0.00 m","0.00 m","0.00 s","0.00 m","0.00 s","0.00 s","0.00 s","4477.74 s","70260.00 m"
"","","","","","","35.32 m/s","467000 kg","240000 N","2300000 W","35.32 m/s","0.51 m/s2","0.30 m/s2","9.58 m/s","0.00 s","0.00 m/s","0.00 m/s","0.00 m/s","0.00 m","0.00 s","0.00 m","0.00 m/s","0.00 m","0.00 m","0.00 m","0.00 s","0.00 m","0.00 s","0.00 s","0.00 s","4477.74 s","70260.00 m"
"","","","","","","35.32 m/s","467000 kg","240000 N","2300000 W","35.32 m/s","0.51 m/s2","0.30 m/s2","9.58 m/s","0.00 s","0.00 m/s","0.00 m/s","0.00 m/s","0.00 m","0.00 s","0.00 m","0.00 m/s","0.00 m","0.00 m","0.00 m","0.00 s","0.00 m","0.00 s","0.00 s","0.00 s","4477.74 s","70260.00 m"
"","","","","","","35.32 m/s","467000 kg","240000 N","2300000 W","35.32 m/s","0.51 m/s2","0.30 m/s2","9.58 m/s","0.00 s","0.00 m/s","0.00 m/s","0.00 m/s","0.00 m","0.00 s","0.00 m","0.00 m/s","0.00 m","0.00 m","0.00 m","0.00 s","0.00 m","0.00 s","0.00 s","0.00 s","4477.74 s","70260.00 m"
"","","","","","","35.32 m/s","467000 kg","240000 N","2300000 W","35.32 m/s","0.51 m/s2","0.30 m/s2","9.58 m/s","0.00 s","0.00 m/s","0.00 m/s","0.00 m/s","0.00 m","0.00 s","0.00 m","0.00 m/s","0.00 m","0.00 m","0.00 m","0.00 s","0.00 m","0.00 s","0.00 s","0.00 s","4477.74 s","70260.00 m"
"","","","","","","35.32 m/s","467000 kg","240000 N","2300000 W","35.32 m/s","0.51 m/s2","0.30 m/s2","9.58 m/s","0.00 s","0.00 m/s","0.00 m/s","0.00 m/s","0.00 m","0.00 s","0.00 m","0.00 m/s","0.00 m","0.00 m","0.00 m","0.00 s","0.00 m","0.00 s","0.00 s","0.00 s","4477.74 s","70260.00 m"
"","","","","","","35.32 m/s","467000 kg","240000 N","2300000 W","35.32 m/s","0.51 m/s2","0.30 m/s2","9.58 m/s","0.00 s","0.00 m/s","0.00 m/s","0.00 m/s","0.00 m","0.00 s","0.00 m","0.00 m/s","0.00 m","0.00 m","0.00 m","0.00 s","0.00 m","0.00 s","0.00 s","0.00 s","4477.74 s","70260.00 m"
"","","","","","","35.32 m/s","467000 kg","240000 N","2300000 W","35.32 m/s","0.51 m/s2","0.30 m/s2","9.58 m/s","0.00 s","0.00 m/s","0.00 m/s","0.00 m/s","0.00 m","0.00 s","0.00 m","0.00 m/s","0.00 m","0.00 m","0.00 m","0.00 s","0.00 m","0.00 s","0.00 s","0.00 s","4477.74 s","70260.00 m"
"","","","","","","35.32 m/s","467000 kg","240000 N","2300000 W","35.32 m/s","0.51 m/s2","0.30 m/s2","9.58 m/s","0.00 s","0.00 m/s","0.00 m/s","0.00 m/s","0.00 m","0.00 s","0.00 m","0.00 m/s","0.00 m","0.00 m","0.00 m","0.00 s","0.00 m","0.00 s","0.00 s","0.00 s","4477.74 s","70260.00 m"
"","","","","","","35.32 m/s","467000 kg","240000 N","2300000 W","35.32 m/s","0.51 m/s2","0.30 m/s2","9.58 m/s","0.00 s","0.00 m/s","0.00 m/s","0.00 m/s","0.00 m","0.00 s","0.00 m","0.00 m/s","0.00 m","0.00 m","0.00 m","0.00 s","0.00 m","0.00 s","0.00 s","0.00 s","4477.74 s","70260.00 m"
"","","","","","","35.32 m/s","467000 kg","240000 N","2300000 W","35.32 m/s","0.51 m/s2","0.30 m/s2","9.58 m/s","0.00 s","0.00 m/s","0.00 m/s","0.00 m/s","0.00 m","0.00 s","0.00 m","0.00 m/s","0.00 m","0.00 m","0.00 m","0.00 s","0.00 m","0.00 s","0.00 s","0.00 s","4477.74 s","70260.00 m"
"","","","","","","35.32 m/s","467000 kg","240000 N","2300000 W","35.32 m/s","0.51 m/s2","0.30 m/s2","9.58 m/s","0.00 s","0.00 m/s","0.00 m/s","0.00 m/s","0.00 m","0.00 s","0.00 m","0.00 m/s","0.00 m","0.00 m","0.00 m","0.00 s","0.00 m","0.00 s","0.00 s","0.00 s","4477.74 s","70260.00 m"
"","","","","","","35.32 m/s","467000 kg","240000 N","2300000 W","35.32 m/s","0.51 m/s2","0.30 m/s2","9.58 m/s","0.00 s","0.00 m/s","0.00 m/s","0.00 m/s","0.00 m","0.00 s","0.00 m","0.00 m/s","0.00 m","0.00 m","0.00 m","0.00 s","0.00 m","0.00 s","0.00 s","0.00 s","4477.74 s","70260.00 m"
"","","","","","","35.32 m/s","467000 kg","240000 N","2300000 W","35.32 m/s","0.51 m/s2","0.30 m/s2","9.58 m/s","0.00 s","0.00 m/s","0.00 m/s","0.00 m/s","0.00 m","0.00 s","0.00 m","0.00 m/s","0.00 m","0.00 m","0.00 m","0.00 s","0.00 m","0.00 s","0.00 s","0.00 s","4477.74 s","70260.00 m"
"","","","","","","35.32 m/s","467000 kg","240000 N","2300000 W","35.32 m/s","0.51 m/s2","0.30 m/s2","9.58 m/s","0.00 s","0.00 m/s","0.00 m/s","0.00 m/s","0.00 m","0.00 s","0.00 m","0.00 m/s","0.00 m","0.00 m","0.00 m","0.00 s","0.00 m","0.00 s","0.00 s","0.00 s","4477.74 s","70260.00 m"
"","","","","","","35.32 m/s","467000 kg","240000 N","2300000 W","35.32 m/s","0.51 m/s2","0.30 m/s2","9.58 m/s","0.00 s","0.00 m/s","0.00 m/s","0.00 m/s","0.00 m","0.00 s","0.00 m","0.00 m/s","0.00 m","0.00 m","0.00 m","0.00 s","0.00 m","0.00 s","0.00 s","0.00 s","4477.74 s","70260.00 m"
"","","","","","","35.32 m/s","467000 kg","240000 N","2300000 W","35.32 m/s","0.51 m/s2","0.30 m/s2","9.58 m/s","0.00 s","0.00 m/s","0.00 m/s","0.00 m/s","0.00 m","0.00 s","0.00 m","0.00 m/s","0.00 m","0.00 m","0.00 m","0.00 s","0.00 m","0.00 s","0.00 s","0.00 s","4477.74 s","70260.00 m"
"","","","","","","35.32 m/s","467000 kg","240000 N","2300000 W","35.32 m/s","0.51 m/s2","0.30 m/s2","9.58 m/s","0.00 s","0.00 m/s","0.00 m/s","0.00 m/s","0.00 m","0.00 s","0.00 m","0.00 m/s","0.00 m","0.00 m","0.00 m","0.00 s","0.00 m","0.00 s","0.00 s","0.00 s","4477.74 s","70260.00 m"
"","","","","","","35.32 m/s","467000 kg","240000 N","2300000 W","35.32 m/s","0.51 m/s2","0.30 m/s2","9.58 m/s","0.00 s","0.00 m/s","0.00 m/s","0.00 m/s","0.00 m","0.00 s","0.00 m","0.00 m/s","0.00 m","0.00 m","0.00 m","0.00 s","0.00 m","0.00 s","0.00 s","0.00 s","4477.74 s","70260.00 m"
"","","","","","","35.32 m/s","467000 kg","240000 N","2300000 W","35.32 m/s","0.51 m/s2","0.30 m/s2","9.58 m/s","0.00 s","0.00 m/s","0.00 m/s","0.00 m/s","0.00 m","0.00 s","0.00 m","0.00 m/s","0.00 m","0.00 m","0.00 m","0.00 s","0.00 m","0.00 s","0.00 s","0.00 s","4477.74 s","70260.00 m"
"","","","","","","35.32 m/s","467000 kg","240000 N","2300000 W","35.32 m/s","0.51 m/s2","0.30 m/s2","9.58 m/s","0.00 s","0.00 m/s","0.00 m/s","0.00 m/s","0.00 m","0.00 s","0.00 m","0.00 m/s","0.00 m","0.00 m","0.00 m","0.00 s","0.00 m","0.00 s","0.00 s","0.00 s","4477.74 s","70260.00 m"
"","","","","","","35.32 m/s","467000 kg","240000 N","2300000 W","35.32 m/s","0.51 m/s2","0.30 m/s2","9.58 m/s","0.00 s","0.00 m/s","0.00 m/s","0.00 m/s","0.00 m","0.00 s","0.00 m","0.00 m/s","0.00 m","0.00 m","0.00 m","0.00 s","0.00 m","0.00 s","0.00 s","0.00 s","4477.74 s","70260.00 m"
"","","","","","","35.32 m/s","467000 kg","240000 N","2300000 W","35.32 m/s","0.51 m/s2","0.30 m/s2","9.58 m/s","0.00 s","0.00 m/s","0.00 m/s","0.00 m/s","0.00 m","0.00 s","0.00 m","0.00 m/s","0.00 m","0.00 m","0.00 m","0.00 s","0.00 m","0.00 s","0.00 s","0.00 s","4477.74 s","70260.00 m"
"","","","","","","35.32 m/s","467000 kg","240000 N","2300000 W","35.32 m/s","0.51 m/s2","0.30 m/s2","9.58 m/s","0.00 s","0.00 m/s","0.00 m/s","0.00 m/s","0.00 m","0.00 s","0.00 m","0.00 m/s","0.00 m","0.00 m","0.00 m","0.00 s","0.00 m","0.00 s","0.00 s","0.00 s","4477.74 s","70260.00 m"
"","","","","","","35.32 m/s","467000 kg","240000 N","2300000 W","35.32 m/s","0.51 m/s2","0.30 m/s2","9.58 m/s","0.00 s","0.00 m/s","0.00 m/s","0.00 m/s","0.00 m","0.00 s","0.00 m","0.00 m/s","0.00 m","0.00 m","0.00 m","0.00 s","0.00 m","0.00 s","0.00 s","0.00 s","4477.74 s","70260.00 m"
"","","","","","","35.32 m/s","467000 kg","240000 N","2300000 W","35.32 m/s","0.51 m/s2","0.30 m/s2","9.58 m/s","0.00 s","0.00 m/s","0.00 m/s","0.00 m/s","0.00 m","0.00 s","0.00 m","0.00 m/s","0.00 m","0.00 m","0.00 m","0.00 s","0.00 m","0.00 s","0.00 s","0.00 s","4477.74 s","70260.00 m"
"","","","","","","35.32 m/s","467000 kg","240000 N","2300000 W","35.32 m/s","0.51 m/s2","0.30 m/s2","9.58 m/s","0.00 s","0.00 m/s","0.00 m/s","0.00 m/s","0.00 m","0.00 s","0.00 m","0.00 m/s","0.00 m","0.00 m","0.00 m","0.00 s","0.00 m","0.00 s","0.00 s","0.00 s","4477.74 s","70260.00 m"
"","","","","","","35.32 m/s","467000 kg","240000 N","2300000 W","35.32 m/s","0.51 m/s2","0.30 m/s2","9.58 m/s","0.00 s","0.00 m/s","0.00 m/s","0.00 m/s","0.00 m","0.00 s","0.00 m","0.00 m/s","0.00 m","0.00 m","0.00 m","0.00 s","0.00 m","0.00 s","0.00 s","0.00 s","4477.74 s","70260.00 m"
"","","","","","","35.32 m/s","467000 kg","240000 N","2300000 W","35.32 m/s","0.51 m/s2","0.30 m/s2","9.58 m/s","0.00 s","0.00 m/s","0.00 m/s","0.00 m/s","0.00 m","0.00 s","0.00 m","0.00 m/s","0.00 m","0.00 m","0.00 m","0.00 s","0.00 m","0.00 s","0.00 s","0.00 s","4477.74 s","70260.00 m"